<?xml version="1.0" encoding="UTF-8"?>
<beans xmlns="http://www.springframework.org/schema/beans"
	xmlns:xsi="http://www.w3.org/2001/XMLSchema-instance"
	xsi:schemaLocation="http://www.springframework.org/schema/beans http://www.springframework.org/schema/beans/spring-beans.xsd">
<!-- Step 1: Define Database DataSource / connection pool -->
	<bean id="myDataSource" class="com.mchange.v2.c3p0.ComboPooledDataSource"
          destroy-method="close">
      
        <property name="jdbcUrl" value="jdbc:mysql://localhost:3306/java" />
        <property name="user" value="root" />
        <property name="password" value="Nikhil@7" /> 

        <!-- these are connection pool properties for C3P0 -->
        <property name="minPoolSize" value="5" />
        <property name="maxPoolSize" value="20" />
        <property name="maxIdleTime" value="30000" />
	</bean>  
	
    <!-- Step 2: Setup Hibernate session factory -->
	<bean id="sessionFactory"
		class="org.springframework.orm.hibernate5.LocalSessionFactoryBean">
		<property name="dataSource" ref="myDataSource" />
		<property name="packagesToScan" value="com.example.entity" />
		<property name="hibernateProperties">
		   <props>
		      <prop key="hibernate.dialect">org.hibernate.dialect.MySQLDialect</prop>
		      <prop key="hibernate.show_sql">true</prop>
		   </props>
		</property>
   </bean>	  
<context:component-scan base-package="com.example"/>
</beans>
